{"sections":{"main":{"type":"main-article","blocks":{"title":{"type":"title","settings":{"blog_show_date":true,"blog_show_author":true}},"featured_image":{"type":"featured_image","settings":{"image_height":"adapt"}},"content":{"type":"content","settings":{}},"share":{"type":"share","settings":{"share_label":"Share"}},"b12c46e3-fe54-4e2b-b646-b7cee8b02ee3":{"type":"tag_name","settings":{}}},"block_order":["title","featured_image","content","share","b12c46e3-fe54-4e2b-b646-b7cee8b02ee3"],"settings":{"blog_show_previous_and_next_buttons":true}}},"order":["main"]}