{"sections":{"banner":{"type":"main-collection-banner","custom_css":[],"settings":{"show_collection_description":true,"show_collection_image":false,"color_scheme":"background-1"}},"product-grid":{"type":"main-collection-product-grid","settings":{"products_per_page":12,"columns_desktop":3,"image_ratio":"adapt","show_secondary_image":true,"show_vendor":true,"show_rating":false,"enable_quick_add":true,"button_style":"Icon","color_scheme":"background-1","padding_top":0,"padding_bottom":0,"padding_left":0,"padding_right":0,"enable_filtering":true,"filter_type":"vertical","enable_sorting":true,"columns_mobile":"2"}}},"order":["banner","product-grid"]}