{"sections":{"7102a354-77b3-460a-8438-43f6be6fdc83":{"type":"slideshow","blocks":{"23fd5feb-03bd-4146-a16a-e9cb0514bb31":{"type":"slide","settings":{"image":"shopify:\/\/shop_images\/main-banner-1.jpg","heading":"<p>best of the best<\/p>","subheading":"<p>Gold Earrings For <br\/>Women<\/p>","description":"<p>Designer Jewellery Necklaces-Bracelets-Earings<\/p>","button_label":"shop now","link":"#","button_style_secondary":false,"box_align":"middle-left","show_text_box":true,"text_alignment":"left","image_overlay_opacity":0,"color_scheme":"inverse","text_alignment_mobile":"left"}},"0bea2182-085f-4209-a64c-b75c7ba8ec9e":{"type":"slide","settings":{"image":"shopify:\/\/shop_images\/main-banner-2.jpg","heading":"<p>Save Up To 20% Off<\/p>","subheading":"<p>Silver Color Rings <br\/>Of Couple<\/p>","description":"<p>Designer Jewellery Necklaces-Bracelets-Earings<\/p>","button_label":"shop now","link":"","button_style_secondary":false,"box_align":"middle-left","show_text_box":true,"text_alignment":"left","image_overlay_opacity":0,"color_scheme":"inverse","text_alignment_mobile":"left"}}},"block_order":["23fd5feb-03bd-4146-a16a-e9cb0514bb31","0bea2182-085f-4209-a64c-b75c7ba8ec9e"],"settings":{"layout":"full_bleed","slide_height":"adapt_image","slider_visual":"arrows","auto_rotate":true,"change_slides_speed":5,"image_behavior":"none","show_text_below":false,"accessibility_info":"Slideshow about our brand"}},"ca12e750-e69c-4dd8-9e2b-11e65e7e0417":{"type":"collection-list","blocks":{"template--19468998672703__ca12e750-e69c-4dd8-9e2b-11e65e7e0417-1686911637c81b70e3-0":{"type":"featured_collection","settings":{"collection":"bracelets"}},"template--19468998672703__ca12e750-e69c-4dd8-9e2b-11e65e7e0417-1686911637c81b70e3-1":{"type":"featured_collection","settings":{"collection":"charm-dangles"}},"template--19468998672703__ca12e750-e69c-4dd8-9e2b-11e65e7e0417-1686911637c81b70e3-2":{"type":"featured_collection","settings":{"collection":"earrings"}},"46677f1d-7170-4495-93f0-db98c6ccb347":{"type":"featured_collection","settings":{"collection":"engagement-ring"}},"c8c68f89-4bbc-4ee0-a69a-d252e03d9698":{"type":"featured_collection","settings":{"collection":"necklaces"}},"6e514be8-6dcf-47d1-90d9-f55d3aa9b277":{"type":"featured_collection","settings":{"collection":"pendant"}},"0db1c8dc-df60-4dea-85c3-eeef9ff96f97":{"type":"featured_collection","settings":{"collection":"rings"}}},"block_order":["template--19468998672703__ca12e750-e69c-4dd8-9e2b-11e65e7e0417-1686911637c81b70e3-0","template--19468998672703__ca12e750-e69c-4dd8-9e2b-11e65e7e0417-1686911637c81b70e3-1","template--19468998672703__ca12e750-e69c-4dd8-9e2b-11e65e7e0417-1686911637c81b70e3-2","46677f1d-7170-4495-93f0-db98c6ccb347","c8c68f89-4bbc-4ee0-a69a-d252e03d9698","6e514be8-6dcf-47d1-90d9-f55d3aa9b277","0db1c8dc-df60-4dea-85c3-eeef9ff96f97"],"settings":{"title":"Popular Categories","heading_size":"h1","image_ratio":"square","columns_desktop":6,"color_scheme":"background-1","show_view_all":false,"columns_mobile":"2","swipe_on_mobile":true,"padding_top":0,"padding_bottom":0,"padding_left":0,"padding_right":0}},"ef6150c2-d80a-4e6a-8693-e9975cf003e0":{"type":"subbanner","blocks":{"66d3ff4d-a3de-4e7f-af61-d44eda3fcc78":{"type":"image","settings":{"subbanner":"shopify:\/\/shop_images\/sub-banner-1.jpg","heading":"<p>special offer!<\/p>","subheading":"<p>Flutter & Butterfly <br\/>Pendant<\/p>","button_label":"Shop Now","button_link":"","button_style":"link","color_scheme":"accent-2"}},"158bf346-527b-4f17-b40d-2ceda6783def":{"type":"image","settings":{"subbanner":"shopify:\/\/shop_images\/sub-banner-2.jpg","heading":"<p>new collection<\/p>","subheading":"<p>Best Gold Filled <br\/>Bracelet<\/p>","button_label":"Shop Now","button_link":"","button_style":"link","color_scheme":"accent-2"}}},"block_order":["66d3ff4d-a3de-4e7f-af61-d44eda3fcc78","158bf346-527b-4f17-b40d-2ceda6783def"],"settings":{"addclass":"two-banner","column_alignment":"left","content_alignment":"left","padding_top":0,"padding_bottom":0}},"35d2d4ad-ae7b-46cc-9927-c2cc2a08ce05":{"type":"tab_collection","blocks":{"c1efb40e-63e3-4e91-8008-bb96d3a8120b":{"type":"grid","settings":{"title2":"Featured","collection2":"featured"}},"374fe5ef-7b12-439f-b556-301078c968ec":{"type":"grid","settings":{"title2":"New Arrivals","collection2":"new-arrivals"}},"54d8ff3e-79d0-492f-bde3-1989269f7da2":{"type":"grid","settings":{"title2":"Best Seller","collection2":"best-seller"}}},"block_order":["c1efb40e-63e3-4e91-8008-bb96d3a8120b","374fe5ef-7b12-439f-b556-301078c968ec","54d8ff3e-79d0-492f-bde3-1989269f7da2"],"settings":{"title":"Trending Products","heading_size":"h1","description":"","description_style":"body","products_to_show":8,"columns_desktop":4,"image_ratio":"adapt","show_counter":false,"show_secondary_image":true,"show_vendor":true,"show_rating":false,"enable_quick_add":true,"button_style":"Icon","color_scheme":"background-1","columns_mobile":"2","padding_top":0,"padding_bottom":0,"padding_left":0,"padding_right":0}},"f3ff9a21-0acc-48b9-b249-cf8829790255":{"type":"image-banner","blocks":{"template--19468998672703__f3ff9a21-0acc-48b9-b249-cf8829790255-168697575220cf3b9e-0":{"type":"heading","settings":{"heading":"Stand Out In Style","heading_size":"h1"}},"template--19468998672703__f3ff9a21-0acc-48b9-b249-cf8829790255-168697575220cf3b9e-1":{"type":"text","settings":{"text":"<p>Silver And Diamond<\/p><p>Earrings<\/p>","text_style":"body"}},"9901d1be-221e-431e-9adc-717fdd5998f2":{"type":"text","settings":{"text":"<p>Designer Jewellery Necklaces-Bracelets-Earings<\/p>","text_style":"subtitle"}},"template--19468998672703__f3ff9a21-0acc-48b9-b249-cf8829790255-168697575220cf3b9e-2":{"type":"buttons","settings":{"button_label_1":"shop now","button_link_1":"#","button_style_secondary_1":false,"button_label_2":"","button_link_2":"","button_style_secondary_2":false}}},"block_order":["template--19468998672703__f3ff9a21-0acc-48b9-b249-cf8829790255-168697575220cf3b9e-0","template--19468998672703__f3ff9a21-0acc-48b9-b249-cf8829790255-168697575220cf3b9e-1","9901d1be-221e-431e-9adc-717fdd5998f2","template--19468998672703__f3ff9a21-0acc-48b9-b249-cf8829790255-168697575220cf3b9e-2"],"settings":{"image":"shopify:\/\/shop_images\/cms-banner-1.jpg","image_overlay_opacity":0,"image_height":"medium","desktop_content_position":"middle-right","show_text_box":false,"desktop_content_alignment":"left","color_scheme":"inverse","image_behavior":"none","mobile_content_alignment":"left","stack_images_on_mobile":false,"show_text_below":false}},"3ce99d45-86af-42b3-8a87-f57824df665a":{"type":"service","blocks":{"b70532ce-de05-40be-8928-cf54d1b45bc5":{"type":"service_image","settings":{"icon":"shopify:\/\/shop_images\/service-1.png","service-title":"Worldwide Shipping","service-subtitle":"There are many variations of passages  of lorem Ipsum available","button_link":"#"}},"abe1f4a6-95e6-41b8-a343-34e8bf608859":{"type":"service_image","settings":{"icon":"shopify:\/\/shop_images\/service-2.png","service-title":"Easy 30 Day Returns","service-subtitle":"There are many variations of passages  of lorem Ipsum available","button_link":""}},"a5b8e710-cb19-481c-a9c2-f7aef1522bc3":{"type":"service_image","settings":{"icon":"shopify:\/\/shop_images\/service-3.png","service-title":"Money Back Guarantee","service-subtitle":"There are many variations of passages  of lorem Ipsum available","button_link":""}}},"block_order":["b70532ce-de05-40be-8928-cf54d1b45bc5","abe1f4a6-95e6-41b8-a343-34e8bf608859","a5b8e710-cb19-481c-a9c2-f7aef1522bc3"],"settings":{"color_scheme":"background-1","heading":"","heading_size":"h1","margin_top":0,"padding_top":0,"padding_bottom":80}},"d61aba60-49b4-4824-afae-1af43f239122":{"type":"featured-collection","settings":{"title":"Special Products","layout":"grid","heading_size":"h1","description":"","show_description":false,"description_style":"body","banner_text":"","banner_heading":"","button_label":"","button_link":"","collection":"special-products","products_to_show":10,"columns_desktop":4,"full_width":false,"show_view_all":false,"view_all_style":"solid","enable_desktop_slider":true,"color_scheme":"background-1","image_ratio":"adapt","show_counter":false,"show_secondary_image":true,"show_vendor":true,"show_rating":false,"enable_quick_add":true,"button_style":"Icon","columns_mobile":"2","padding_top":0,"padding_bottom":0,"padding_left":0,"padding_right":0}},"c4b5b68a-1efe-4991-b2a0-b783052733e5":{"type":"multicolumn","blocks":{"template--18809520881977__c4b5b68a-1efe-4991-b2a0-b783052733e5-16830088577af1d5a3-0":{"type":"column","settings":{"image":"shopify:\/\/shop_images\/user-1.jpg","title":"Stefanie Rashford","authore_details":"Founder","text":"<p>There are many variations of passages of lorem Ipsum available but the have alteration in some form by injected humour or randomised words which don't look even  blievable lorem Ipsum is simply dummy text of the printing and typesetting industry.<\/p>","link_label":"","link":""}},"template--18809520881977__c4b5b68a-1efe-4991-b2a0-b783052733e5-16830088577af1d5a3-1":{"type":"column","settings":{"image":"shopify:\/\/shop_images\/user-4.jpg","title":"Augusta Wind","authore_details":"Web Designer","text":"<p>lorem Ipsum many variations of passages of there are available but the have alteration in some form by injected humour or randomised words blievable lorem Ipsum is simply dummy text of the printing and typesetting industry which don't look even.<\/p>","link_label":"","link":""}},"template--18809520881977__c4b5b68a-1efe-4991-b2a0-b783052733e5-16830088577af1d5a3-2":{"type":"column","settings":{"image":"shopify:\/\/shop_images\/user-2.jpg","title":"Reema ghurde","authore_details":"Manager","text":"<p>lorem Ipsum is simply dummy text of the printing and typesetting industry There are many variations of passages of lorem Ipsum available but the have alteration in some form by injected humour or randomised words which don't look even  blievable.<\/p>","link_label":"","link":""}},"e03e363b-7193-43d6-99c9-b6f222a5cefe":{"type":"column","settings":{"image":"shopify:\/\/shop_images\/user-3.jpg","title":"Luies Charls","authore_details":"CEO","text":"<p>Generation many variations of passages of even  blievable lorem Ipsum is simply dummy text of the printing and typesetting industry  lorem Ipsum available but the have alteration in some form by injected humour or randomised words which don't look.<\/p>","link_label":"","link":""}}},"block_order":["template--18809520881977__c4b5b68a-1efe-4991-b2a0-b783052733e5-16830088577af1d5a3-0","template--18809520881977__c4b5b68a-1efe-4991-b2a0-b783052733e5-16830088577af1d5a3-1","template--18809520881977__c4b5b68a-1efe-4991-b2a0-b783052733e5-16830088577af1d5a3-2","e03e363b-7193-43d6-99c9-b6f222a5cefe"],"settings":{"title":"Our Testimonial","heading_size":"h1","image_width":"third","image_ratio":"circle","columns_desktop":2,"column_alignment":"left","background_style":"primary","button_label":"","button_link":"","image":"shopify:\/\/shop_images\/testimonial-bg.jpg","color_scheme":"background-2","columns_mobile":"1","swipe_on_mobile":false,"padding_top":100,"padding_bottom":100,"padding_left":0,"padding_right":0}},"c260006b-c4ca-4ed6-ba08-77ccb49dd87b":{"type":"image-with-text","blocks":{"template--19468998672703__c260006b-c4ca-4ed6-ba08-77ccb49dd87b-168726358505796b9e-0":{"type":"heading","settings":{"heading":"Jewelry Rings With Diamond On White Cloth","heading_size":"h1"}},"template--19468998672703__c260006b-c4ca-4ed6-ba08-77ccb49dd87b-168726358505796b9e-1":{"type":"text","settings":{"text":"<ul><li>Keep stars with you in the form of a diamond.<\/li><li>You never really know a woman until you’ve seen her jewelry.<\/li><li>Your jewelry introduces you before you speak.<\/li><li>Jewels Are Like a Tribute to Being a Woman.<\/li><\/ul>","text_style":"body"}},"template--19468998672703__c260006b-c4ca-4ed6-ba08-77ccb49dd87b-168726358505796b9e-2":{"type":"caption","settings":{"caption":"","text_style":"caption-with-letter-spacing","text_size":"medium"}},"template--19468998672703__c260006b-c4ca-4ed6-ba08-77ccb49dd87b-168726358505796b9e-3":{"type":"button","settings":{"button_label":"view more","button_link":"#"}}},"block_order":["template--19468998672703__c260006b-c4ca-4ed6-ba08-77ccb49dd87b-168726358505796b9e-0","template--19468998672703__c260006b-c4ca-4ed6-ba08-77ccb49dd87b-168726358505796b9e-1","template--19468998672703__c260006b-c4ca-4ed6-ba08-77ccb49dd87b-168726358505796b9e-2","template--19468998672703__c260006b-c4ca-4ed6-ba08-77ccb49dd87b-168726358505796b9e-3"],"settings":{"image":"shopify:\/\/shop_images\/about-img.jpg","height":"adapt","desktop_image_width":"medium","layout":"image_first","desktop_content_position":"middle","desktop_content_alignment":"left","content_layout":"no-overlap","color_scheme":"background-1","image_behavior":"none","mobile_content_alignment":"left","padding_top":0,"padding_bottom":0}},"d477e943-37b9-43e0-99ad-802cb9a5a21d":{"type":"featured-blog","settings":{"heading":"Our Latest Blog","heading_size":"h1","blog":"news","post_limit":6,"columns_desktop":3,"color_scheme":"background-1","show_image":true,"show_date":true,"show_author":false,"show_view_all":false,"padding_top":0,"padding_bottom":0,"padding_left":0,"padding_right":0}},"ff564648-f9ea-4cfe-b765-b97e7f97ff0e":{"type":"logo-bar","blocks":{"52737f57-9828-4f6e-9e12-5e1eef74c4c6":{"type":"logo_image","settings":{"image":"shopify:\/\/shop_images\/1_bbfdf905-fe36-44bf-b586-13c84b77eaf8.jpg","link":""}},"31daaa11-c630-4294-a280-0811589fe00c":{"type":"logo_image","settings":{"image":"shopify:\/\/shop_images\/2_a67209b8-d6a4-4f1e-9f20-92c60b2e8a6f.jpg","link":""}},"eddd1abb-bfaf-4297-86dd-f0b71283dd2d":{"type":"logo_image","settings":{"image":"shopify:\/\/shop_images\/4_7c269d8a-bac3-4299-8699-d4a03434f769.jpg","link":""}},"021a9eb4-7edb-4de5-9150-597f03aab28e":{"type":"logo_image","settings":{"image":"shopify:\/\/shop_images\/5_a1bbe0fc-f99d-4a2f-98b4-6dfe165cc110.jpg","link":""}},"b1a34128-f96e-45cf-8d42-ceaca2cffc30":{"type":"logo_image","settings":{"image":"shopify:\/\/shop_images\/3_2194b01c-7098-474a-afdb-56b559ac03c1.jpg","link":""}}},"block_order":["52737f57-9828-4f6e-9e12-5e1eef74c4c6","31daaa11-c630-4294-a280-0811589fe00c","eddd1abb-bfaf-4297-86dd-f0b71283dd2d","021a9eb4-7edb-4de5-9150-597f03aab28e","b1a34128-f96e-45cf-8d42-ceaca2cffc30"],"settings":{"heading":"","heading_size":"h1","color_scheme":"background-1","padding_top":80,"padding_bottom":0,"padding_left":0,"padding_right":0}},"bd5b23e9-6b92-4bb4-bdc2-4488dfb1ccff":{"type":"image-carousel","blocks":{"712ab30a-5861-46e2-8755-2d41bf5c81ed":{"type":"image-carousel_image","settings":{"image":"shopify:\/\/shop_images\/image-1.jpg","link":""}},"af50cd77-3f55-4086-9eee-2bb3d1690160":{"type":"image-carousel_image","settings":{"image":"shopify:\/\/shop_images\/image-2.jpg","link":""}},"012d47d8-3b92-4ec4-98c0-e783d41c9b65":{"type":"image-carousel_image","settings":{"image":"shopify:\/\/shop_images\/image-3.jpg","link":""}},"a90b8ba9-bc2e-4650-821e-33c9217fb055":{"type":"image-carousel_image","settings":{"image":"shopify:\/\/shop_images\/image-4.jpg","link":""}},"3f317b61-e74d-4fef-82ce-aeefcf09e2e8":{"type":"image-carousel_image","settings":{"image":"shopify:\/\/shop_images\/image-5.jpg","link":""}},"b1144914-6a9f-43c4-8c23-4caf333e225d":{"type":"image-carousel_image","settings":{"image":"shopify:\/\/shop_images\/image-6.jpg","link":""}}},"block_order":["712ab30a-5861-46e2-8755-2d41bf5c81ed","af50cd77-3f55-4086-9eee-2bb3d1690160","012d47d8-3b92-4ec4-98c0-e783d41c9b65","a90b8ba9-bc2e-4650-821e-33c9217fb055","3f317b61-e74d-4fef-82ce-aeefcf09e2e8","b1144914-6a9f-43c4-8c23-4caf333e225d"],"settings":{"color_scheme":"background-1","padding_top":0,"padding_bottom":0,"padding_left":0,"padding_right":0}}},"order":["7102a354-77b3-460a-8438-43f6be6fdc83","ca12e750-e69c-4dd8-9e2b-11e65e7e0417","ef6150c2-d80a-4e6a-8693-e9975cf003e0","35d2d4ad-ae7b-46cc-9927-c2cc2a08ce05","f3ff9a21-0acc-48b9-b249-cf8829790255","3ce99d45-86af-42b3-8a87-f57824df665a","d61aba60-49b4-4824-afae-1af43f239122","c4b5b68a-1efe-4991-b2a0-b783052733e5","c260006b-c4ca-4ed6-ba08-77ccb49dd87b","d477e943-37b9-43e0-99ad-802cb9a5a21d","ff564648-f9ea-4cfe-b765-b97e7f97ff0e","bd5b23e9-6b92-4bb4-bdc2-4488dfb1ccff"]}