{"sections":{"main":{"type":"main-page","settings":{"padding_top":0,"padding_bottom":0}},"form":{"type":"contact-form","settings":{"heading":"Do You Have Any Questions?","heading_size":"h2","color_scheme":"background-1","map":"<iframe src=\"https:\/\/www.google.com\/maps\/embed?pb=!1m18!1m12!1m3!1d12617.689403277553!2d-122.46322093501155!3d37.75669390222364!2m3!1f0!2f0!3f0!3m2!1i1024!2i768!4f13.1!3m3!1m2!1s0x80859a6d00690021%3A0x4a501367f076adff!2sSan%20Francisco%2C%20CA!5e0!3m2!1sen!2sus!4v1643092942713!5m2!1sen!2sus\" width=\"600\" height=\"450\" style=\"border:0;\" allowfullscreen=\"\" loading=\"lazy\"><\/iframe>","contact-title":"Get in touch with us","address":"<p>33 New Montgomery St.<\/p><p>Ste 750 San Francisco,<\/p><p> CA, USA 94105<\/p>","contact-num":"(+91)7-723-4608","email_address":"jeweelish@exampledemo.com","email_url":"mailto:jeweelish@exampledemo.com","time_info":"Monday – Friday 10 AM – 8 PM","padding_top":0,"padding_bottom":52}}},"order":["main","form"]}