{"sections":{"main":{"type":"main-product","blocks":{"f04702c8-9da5-49e0-ad6f-16f5349be4ef":{"type":"rating","settings":{}},"title":{"type":"title","settings":{}},"price":{"type":"price","settings":{}},"description":{"type":"description","settings":{}},"8dd06782-3877-493c-be6e-241a0476638b":{"type":"viewing","settings":{"tm_min":15,"tm_max":30,"random_time":10000}},"92752956-00e3-4a7b-a6e5-a226b38fd241":{"type":"inventory","settings":{"text_style":"body","inventory_threshold":100,"show_inventory_quantity":true}},"variant_picker":{"type":"variant_picker","settings":{"picker_type":"button"}},"quantity_selector":{"type":"quantity_selector","settings":{}},"buy_buttons":{"type":"buy_buttons","settings":{"show_dynamic_checkout":true,"show_gift_card_recipient":false}},"35a5fee6-efda-408d-b5d9-a6b5199c3ad6":{"type":"sku","settings":{"text_style":"body"}},"2788bc65-81dc-4cb5-b2a1-fbe53dc225f4":{"type":"vendor","settings":{}},"6059abd7-f40c-4c49-8e0e-f4b38110099e":{"type":"type","settings":{}},"6cd8fb2b-9bba-453d-b981-64ca4b0bab89":{"type":"tag_name","settings":{}},"208f4b5f-4d7c-419b-842c-68d3820f4c1f":{"type":"payment","settings":{"payment_img":"shopify:\/\/shop_images\/payment.png","payment_text":"Guarantee safe & secure checkout","payment_link":"#"}},"fec30343-77d2-4b8d-acf1-150741e1e34d":{"type":"collapsible_tab","settings":{"heading":"Shipping & Returns","icon":"truck","content":"<p>Free shipping and returns available on all orders!<\/p><p>We ship all US domestic orders within <strong>5-10 business days<\/strong><\/p>","page":""}},"9d90f09d-eeaf-4fb9-8164-9300350b7c36":{"type":"collapsible_tab","settings":{"heading":"Materials","icon":"leather","content":"<p>The item with the Committed label has a lower environmental impact because it was made with sustainable materials or methods. We are committed to creating items that combine sustainability with style. Made with recycled cashmere and industril by products.<\/p>","page":""}},"ce7fab77-36d5-4ca3-899e-d662450cf1bf":{"type":"collapsible_tab","settings":{"heading":"Size Chart","icon":"ruler","content":"","page":"size-chart"}},"400431c1-8fa4-473f-a9e6-966bc1181183":{"type":"collapsible_tab","settings":{"heading":"Care Instructions","icon":"heart","content":"<p>We advise routinely dusting your items with a gentle cleanser to preserve its look. Periodically, it may need to be softly wet with a mild detergent solution.<\/p>","page":""}},"share":{"type":"share","settings":{"share_label":"Share"}}},"block_order":["f04702c8-9da5-49e0-ad6f-16f5349be4ef","title","price","description","8dd06782-3877-493c-be6e-241a0476638b","92752956-00e3-4a7b-a6e5-a226b38fd241","variant_picker","quantity_selector","buy_buttons","35a5fee6-efda-408d-b5d9-a6b5199c3ad6","2788bc65-81dc-4cb5-b2a1-fbe53dc225f4","6059abd7-f40c-4c49-8e0e-f4b38110099e","6cd8fb2b-9bba-453d-b981-64ca4b0bab89","208f4b5f-4d7c-419b-842c-68d3820f4c1f","fec30343-77d2-4b8d-acf1-150741e1e34d","9d90f09d-eeaf-4fb9-8164-9300350b7c36","ce7fab77-36d5-4ca3-899e-d662450cf1bf","400431c1-8fa4-473f-a9e6-966bc1181183","share"],"settings":{"enable_sticky_info":true,"media_size":"small","constrain_to_viewport":true,"media_fit":"contain","gallery_layout":"thumbnail_slider","media_position":"left","image_zoom":"hover","mobile_thumbnails":"show","hide_variants":false,"enable_video_looping":false,"description_title":"Description","review_title":"Reviews","padding_top":30,"padding_bottom":0}},"related-products":{"type":"related-products","settings":{"heading":"You May Also Like","heading_size":"h1","products_to_show":4,"columns_desktop":4,"color_scheme":"background-1","image_ratio":"adapt","show_secondary_image":true,"show_vendor":true,"show_rating":false,"enable_quick_add":true,"button_style":"Icon","columns_mobile":"2","padding_top":0,"padding_bottom":0,"padding_left":0,"padding_right":0}}},"order":["main","related-products"]}