{"name":"t:sections.footer.name","type":"footer","sections":{"6aeb2f8e-2401-4509-bc2e-c9094c328365":{"type":"newsletter","blocks":{"sections--19468999229759__6aeb2f8e-2401-4509-bc2e-c9094c328365-16872408149c375142-0":{"type":"heading","settings":{"heading":"Get Our  Latets Update !"}},"sections--19468999229759__6aeb2f8e-2401-4509-bc2e-c9094c328365-16872408149c375142-1":{"type":"paragraph","settings":{"text":"<p>Subscribe to latest newsletter to get news about special discounts.<\/p>"}},"sections--19468999229759__6aeb2f8e-2401-4509-bc2e-c9094c328365-16872408149c375142-2":{"type":"email_form","settings":{}}},"block_order":["sections--19468999229759__6aeb2f8e-2401-4509-bc2e-c9094c328365-16872408149c375142-0","sections--19468999229759__6aeb2f8e-2401-4509-bc2e-c9094c328365-16872408149c375142-1","sections--19468999229759__6aeb2f8e-2401-4509-bc2e-c9094c328365-16872408149c375142-2"],"settings":{"color_scheme":"background-1","text_color":"#222222","full_width":false,"margin_top":95,"padding_top":0,"padding_bottom":95}},"footer":{"type":"footer","blocks":{"b73a7bc6-b723-4a02-8307-98d83469cd09":{"type":"text","settings":{"heading":"Contact Us","subtext":"<p>Jeweelish - jewelry store<\/p><p>507-Union Trade Ipsum Doler <\/p><p>Centre France<\/p>","email_address":"hello@blocks.com","email":"mailto:hello@blocks.com","contact_num":"+81 520-150-001","contact_info":""}},"dcca22d0-208d-4482-8d9e-aa49f1600319":{"type":"link_list","settings":{"heading":"Quick Links","menu":"footer"}},"36873c1f-9f15-4c84-9278-659a42d3070c":{"type":"link_list","settings":{"heading":"Services","menu":"quick-link"}},"88752f81-3fc4-45a7-b062-e3531e5cce65":{"type":"link_list","settings":{"heading":"Information","menu":"footer-link"}}},"block_order":["b73a7bc6-b723-4a02-8307-98d83469cd09","dcca22d0-208d-4482-8d9e-aa49f1600319","36873c1f-9f15-4c84-9278-659a42d3070c","88752f81-3fc4-45a7-b062-e3531e5cce65"],"settings":{"color_scheme":"background-1","newsletter_enable":false,"newsletter_heading":"","newsletter_text":"","app_link_1":"#","app_link_2":"#","enable_follow_on_shop":true,"show_social":true,"enable_country_selector":false,"enable_language_selector":false,"payment_enable":true,"show_policy":false,"margin_top":0,"padding_top":100,"padding_bottom":20}}},"order":["6aeb2f8e-2401-4509-bc2e-c9094c328365","footer"]}