{"name":"t:sections.header.name","type":"header","sections":{"announcement-bar":{"type":"announcement-bar","settings":{}},"header-top":{"type":"header-top","settings":{"enable_country_selector":true,"enable_language_selector":true,"color_scheme":"accent-1","headertop_text":"<p>Winter-Season Sale Up To 25% OFF Use Coupon Code<\/p>","padding_top":6,"padding_bottom":6}},"header":{"type":"header","settings":{"logo_position":"middle-center","sticky_header_type":"always","show_line_separator":true,"color_scheme":"background-1","wishlist_title":"Wishlist","wishlist_link":"shopify:\/\/pages\/wishlist","compare_title":"Compare","compare_link":"shopify:\/\/pages\/compare","mobile_logo_position":"left","margin_bottom":0,"padding_top":21,"padding_bottom":21}},"header-bottom":{"type":"header-bottom","blocks":{"4196e2c6-62fe-4f56-9ef1-c574018dd9f4":{"type":"verticle","settings":{"categories_title1":"Browse Categories","side-categories1":"category-menu"}}},"block_order":["4196e2c6-62fe-4f56-9ef1-c574018dd9f4"],"settings":{"color_scheme":"background-1","menu":"main-menu","menu_type_desktop":"mega","menu_service":"","margin_bottom":0,"padding_top":0,"padding_bottom":0}}},"order":["announcement-bar","header-top","header","header-bottom"]}